channel_id               ,channel_name                                                                   ,channel_url                                              ,profile_picture_url                                                                                                            ,subscriber_count ,view_count ,video_count ,custom_url                  ,channel_description                                  ,playlists                                                                                                                                                                                                                                                                                                                                                                                                                                                                                                                                      ,country
UCQAtfrw6TEFv7BIiEboekSw ,‡ºí‚Éù·≠ÑÍßå üíï Íßåíã≤ìâò ùó†ùó∂ùòÄùòÄ ùóñùòÇùòÅùó∂ùó≤ ìâùíç´Íßå üíï ÍßåëÅç„Ö§„Ö§„Ö§„Ö§„Ö§„Ö§„Ö§ „Ö§„Ö§„Ö§„Ö§„Ö§„Ö§„Ö§„Ö§„Ö§ ,https://www.youtube.com/channel/UCQAtfrw6TEFv7BIiEboekSw ,https://yt3.ggpht.com/2N0oJCJlN-Rjk5DgO8TSV9XUf5Wv3VjcrmhQHyEsrBl7vqTleSW6aFdafmkWHN17onjH6wZzBQ=s88-c-k-c0x00ffffff-no-rj     ,              12 ,      1406 ,          6 ,@neha-mena_09               ,üáØ‚Ääüá¶‚ÄäüáÆ‚Ää. üá≤‚Ääüá¶‚Ääüá≠‚Ääüá¶‚Ääüá∞‚Ääüá¶‚Ääüá±‚Ääüôè‚Ääüôèüßò‚Äç‚ôÄÔ∏è             ,[]                                                                                                                                                                                                                                                                                                                                                                                                                                                                                                                                             ,
UCTcFLHbxKr10cprSHzgkPwg ,Amit Gupta                                                                     ,https://www.youtube.com/channel/UCTcFLHbxKr10cprSHzgkPwg ,https://yt3.ggpht.com/nUxBarCJynFMukNB03Ed7en1dBdJqx8QPzLxL4-UXDEYtY40HjjAYT4MO6vYtwly2nUAg42PSA=s88-c-k-c0x00ffffff-no-rj     ,              16 ,      2205 ,         17 ,@arvindgupta8000            ,                                                     ,"[{'playlist_id': 'PLkDGm3FwkpZyR2RaETc36EPRJ2MmOAEAs', 'playlist_title': 'Arvind', 'playlist_url': 'https://www.youtube.com/playlist?list=PLkDGm3FwkpZyR2RaETc36EPRJ2MmOAEAs'}, {'playlist_id': 'PLkDGm3FwkpZyr0m6o8NdQfvF8VEfQ8TwQ', 'playlist_title': 'Arvind', 'playlist_url': 'https://www.youtube.com/playlist?list=PLkDGm3FwkpZyr0m6o8NdQfvF8VEfQ8TwQ'}, {'playlist_id': 'PLkDGm3FwkpZxAs6zuQBYvieaq9sOT4ban', 'playlist_title': 'Ranhi', 'playlist_url': 'https://www.youtube.com/playlist?list=PLkDGm3FwkpZxAs6zuQBYvieaq9sOT4ban'}]" ,
UCIvoAwzd58RqYRQO8W5ezug ,Locoüíû_____________________________________________                            ,https://www.youtube.com/channel/UCIvoAwzd58RqYRQO8W5ezug ,https://yt3.ggpht.com/CpAA8FDCHcv9a9ifWqsOIaCrEKv1A8BOtkdVzsGPjZfFB54wn6eUaNdejgasoxsF8ORV7F4_NGE=s88-c-k-c0x00ffffff-no-rj    ,               0 ,         0 ,          0 ,@shamshadalam-zj9fw         ,                                                     ,[]                                                                                                                                                                                                                                                                                                                                                                                                                                                                                                                                             ,
UC9EAjzzTfp5rgMgepN26r9Q ,ROYAL üëë                                                                       ,https://www.youtube.com/channel/UC9EAjzzTfp5rgMgepN26r9Q ,https://yt3.ggpht.com/8dLVosgV78EFmO6XAoUTJafSSMmOy8dhNlRYiAmGUXdKIoc4cMYS9r1t5c3sbcuqpy15-2o2=s88-c-k-c0x00ffffff-no-rj       ,               1 ,         0 ,          0 ,@masoom07482                ,....                                                 ,[]                                                                                                                                                                                                                                                                                                                                                                                                                                                                                                                                             ,
UCT-fJz7Np_epiw52Zhuycgg ,[íÜú]‚Éü ‚ó£‚Åî‚ó¢ ‚Éü[íÜú]        „Äé [ ‚±≤»∫∆¶D»∫»∫∆Æ ] „Äè   „Ää‚∏å‚∏è‚∏ç„Äãíê∏‡ºª                            ,https://www.youtube.com/channel/UCT-fJz7Np_epiw52Zhuycgg ,https://yt3.ggpht.com/jZL7RaoXNMfKxiynakBsdJMAy0zTZVU5zfMzcpsSHx6kReNf8IenXWfOduMmlNFPAFi0ng-c_A=s88-c-k-c0x00ffffff-no-rj     ,               0 ,         0 ,          0 ,@xx-wrdt-xx-rx2rg           ,                                                     ,[]                                                                                                                                                                                                                                                                                                                                                                                                                                                                                                                                             ,
UC6pZkIKY6_HBuUNA-lp5KmQ ,Sonu Kumar                                                                     ,https://www.youtube.com/channel/UC6pZkIKY6_HBuUNA-lp5KmQ ,https://yt3.ggpht.com/ytc/AIdro_kEV5oQwBCj4p509QUEKNJ2EA1K0qg1ibYdrINtjzo=s88-c-k-c0x00ffffff-no-rj                            ,               0 ,        10 ,         13 ,@sonukumar-ik1ir            ,                                                     ,[]                                                                                                                                                                                                                                                                                                                                                                                                                                                                                                                                             ,
UC6f_6k5ea_H0UL2GByFFoCw ,Aitrey                                                                         ,https://www.youtube.com/channel/UC6f_6k5ea_H0UL2GByFFoCw ,https://yt3.ggpht.com/1Qz0BP28Xhu8TTR0ak2N9RBtW9jcQugBN1QKlGcca4Tx1Vn61rxW5JcAoxmkP0ux6evureGr=s88-c-k-c0x00ffffff-no-rj       ,               1 ,         0 ,          0 ,@aitrey224                  ,                                                     ,[]                                                                                                                                                                                                                                                                                                                                                                                                                                                                                                                                             ,
UCTLD8e5zm4C4Xg4L_M3u_eg ,Acting adda                                                                    ,https://www.youtube.com/channel/UCTLD8e5zm4C4Xg4L_M3u_eg ,https://yt3.ggpht.com/1InAr-o7dWYm-2qBpqro2YNLhoacZ0gOi0Th8JvZda9A6IeIOtUzFfxUYVRn_IX1JRFxisFp=s88-c-k-c0x00ffffff-no-rj       ,            3320 ,     70576 ,        247 ,@actingadda01               ,"support please..üôèüôèüôè
                                                                                                                                                                                                                                                                                                                                                                            
                                                                                                                                                                                                                                                                                                                                                                            
                                                                                                                                                                                                                                                                                                                                                                            
                                                                                                                                                                                                                                                                                                                                                                            
                                                                                                                                                                                                                                                                                                                                                                            
                                                                                                                                                                                                                                                                                                                                                                            #short
                                                                                                                                                                                                                                                                                                                                                                            #shorts
                                                                                                                                                                                                                                                                                                                                                                            #ytshort
                                                                                                                                                                                                                                                                                                                                                                            #shortfeed
                                                                                                                                                                                                                                                                                                                                                                            #youtubeshorts
                                                                                                                                                                                                                                                                                                                                                                            #viralshorts
                                                                                                                                                                                                                                                                                                                                                                            #trending shorts "                                   ,[]                                                                                                                                                                                                                                                                                                                                                                                                                                                                                                                                             ,
UCA3APaTQBydRgmpNzSI9VPQ ,Mr.. yadav                                                                     ,https://www.youtube.com/channel/UCA3APaTQBydRgmpNzSI9VPQ ,https://yt3.ggpht.com/D6zl2Rxd2fsAP7BvJt_KoUboofn2XfFCUt7-3IcSsHb_y5hSQOhnIs9-DuOFq1XzIX9e3TExz5w=s88-c-k-c0x00ffffff-no-rj    ,               0 ,         0 ,          0 ,@sarveshyadav-vu6jh         ,                                                     ,[]                                                                                                                                                                                                                                                                                                                                                                                                                                                                                                                                             ,
UCyU4EQNR-NaSq3EdA7uLcDg ,MANAV THAKUR                                                                   ,https://www.youtube.com/channel/UCyU4EQNR-NaSq3EdA7uLcDg ,https://yt3.ggpht.com/ytc/AIdro_nw7NPDEUdBhWrkn_CmmcHuVCSP0H1yv_GM2ex3px-Ox-Fm=s88-c-k-c0x00ffffff-no-rj                       ,               0 ,         1 ,          1 ,@manavthakur9573            ,                                                     ,"[{'playlist_id': 'PLQN4IzIOjXwOwfAAGB6xcpfKwBVamz-mm', 'playlist_title': 'M', 'playlist_url': 'https://www.youtube.com/playlist?list=PLQN4IzIOjXwOwfAAGB6xcpfKwBVamz-mm'}, {'playlist_id': 'PLQN4IzIOjXwPcWaZOcOgas2iNqK-vxz1k', 'playlist_title': 'Mk', 'playlist_url': 'https://www.youtube.com/playlist?list=PLQN4IzIOjXwPcWaZOcOgas2iNqK-vxz1k'}]"                                                                                                                                                                                        ,
UCk8KoxOLk7foy_l2gUDnD2w ,(ALONE /!/ HEART)                                                              ,https://www.youtube.com/channel/UCk8KoxOLk7foy_l2gUDnD2w ,https://yt3.ggpht.com/-7yVPmiHYmBydETkxhJafblqSoNrr7pAEo28Z_uCrBbD6-K1cCA828fm8RF6uOiQFaPelbSQ-fE=s88-c-k-c0x00ffffff-no-rj    ,             157 ,     21009 ,         87 ,@aloneheart7130             ,üí¶DROP BY üí¶DROP FILLS THE POND üíñ                   ,"[{'playlist_id': 'PLRs_oi69Jg6KwxYMQbvPLsTJnnHuiMHxX', 'playlist_title': 'Attitude', 'playlist_url': 'https://www.youtube.com/playlist?list=PLRs_oi69Jg6KwxYMQbvPLsTJnnHuiMHxX'}]"                                                                                                                                                                                                                                                                                                                                                            ,IN
UC0VyWjlfyzy8EnEZ3InA31g ,Foxtrot‚ô°                                                                       ,https://www.youtube.com/channel/UC0VyWjlfyzy8EnEZ3InA31g ,https://yt3.ggpht.com/ivNMwd0Rv2YTLu6vUgWeYwCpV4BRhgGm7L-jrgioVBduXGilJDc22xb5o-HugAfCVSQZ7yO7=s88-c-k-c0x00ffffff-no-rj       ,               0 ,         0 ,          0 ,@user-vy6jk7ju7k            ,                                                     ,[]                                                                                                                                                                                                                                                                                                                                                                                                                                                                                                                                             ,
UChMp2unCIZ7YrADc7tO89vg ,íÅç ‚Éù‚Éüü¶Å‚ÅÇ ‚É™ìÜ©‡ºé„Ä≠„Ä¨ Yug Thakur‡ºé„Ä≠„Ä¨ìÜ™·™µ„Ö§ ‚Éù‚Éüü¶ÅíÅç                                               ,https://www.youtube.com/channel/UChMp2unCIZ7YrADc7tO89vg ,https://yt3.ggpht.com/_3J1dcq9uSeuv2LXTvb4VeEc01J-hBsTnCvS9Kogc5kV0WyBtTYcuHbyICm9cHk1dFLBmz-RZw=s88-c-k-c0x00ffffff-no-rj     ,               3 ,       256 ,          4 ,@yugthakur108               ,Life is a game nd I'm a good player üòä               ,[]                                                                                                                                                                                                                                                                                                                                                                                                                                                                                                                                             ,
UCL6iaeEgpMcN2KdzPSJO68w ,Anshuman Pratap                                                                ,https://www.youtube.com/channel/UCL6iaeEgpMcN2KdzPSJO68w ,https://yt3.ggpht.com/4tSebR9C5VlHzl__79Va2NIeTPi4xwMq5Qr8GKQiLVC0lihw-sC0yVbmjT0EXY-kTCYU-qybchE=s88-c-k-c0x00ffffff-no-rj    ,              12 ,        43 ,          2 ,@asofficial....l2212        ,https://youtube.com/channel/UCL6iaeEgpMcN2KdzPSJO68w ,[]                                                                                                                                                                                                                                                                                                                                                                                                                                                                                                                                             ,
UCXSENkMDPKl-VzYxp9wW64Q ,Giri ü™ñü™ñ                                                                      ,https://www.youtube.com/channel/UCXSENkMDPKl-VzYxp9wW64Q ,https://yt3.ggpht.com/fCDLWy4xUNg1WvUIgdPHdxfJnRMcyomyJZ2Pza-Ff61uKCDk_6eQuU051ola1eswTUAhATi9SG4=s88-c-k-c0x00ffffff-no-rj    ,               9 ,       125 ,          5 ,@pintugiri8702              ,Giri ji army ü™ñ                                      ,[]                                                                                                                                                                                                                                                                                                                                                                                                                                                                                                                                             ,
UC9PJNfDOkjWZugM93LFB_QQ ,Bhanu Pratap                                                                   ,https://www.youtube.com/channel/UC9PJNfDOkjWZugM93LFB_QQ ,https://yt3.ggpht.com/ytc/AIdro_kWPjXiaz8hDT_yKAoSFfJG20FGHgjsjGRS4KjiEyk=s88-c-k-c0x00ffffff-no-rj                            ,               4 ,         0 ,          0 ,@bhanupratap1087            ,                                                     ,[]                                                                                                                                                                                                                                                                                                                                                                                                                                                                                                                                             ,
UCcxT6PN7lSCUfJ68MxCCzDg ,Shuraj kumar Kumar                                                             ,https://www.youtube.com/channel/UCcxT6PN7lSCUfJ68MxCCzDg ,https://yt3.ggpht.com/ytc/AIdro_meLtS1C8gl1i7ctdw977aqXq65ZlRYz3nJcpNHxhajLNpRpb2AVHlBghoDuIef2xu6gQ=s88-c-k-c0x00ffffff-no-rj ,               1 ,        58 ,          1 ,@shurajkumarkumar-wn9ph     ,                                                     ,[]                                                                                                                                                                                                                                                                                                                                                                                                                                                                                                                                             ,
UCNLms7SHICesP9SxYUyGGSg ,Divya                                                                          ,https://www.youtube.com/channel/UCNLms7SHICesP9SxYUyGGSg ,https://yt3.ggpht.com/aHG05NGGgcrmQ-6uJ162sU7z_VbwoTAgxDgiC_B5pFlsd2GGG1dd2H0UhCoDBXJ_DY4fKhfgwsI=s88-c-k-c0x00ffffff-no-rj    ,               0 ,        12 ,          2 ,@reetudhuriya               ,                                                     ,[]                                                                                                                                                                                                                                                                                                                                                                                                                                                                                                                                             ,
UCDVEatQnTmUyzo9DgvRBHiQ ,AîñæBîñæDîñæUîñæLüïäÔ∏è                                                                ,https://www.youtube.com/channel/UCDVEatQnTmUyzo9DgvRBHiQ ,https://yt3.ggpht.com/y3cK0Zyd9F2fBTUiHVmaGUpRI6vX6dKaUXmRgsPXhpB5HhLrQQ1AJ7Lxmy4Z7KefY1ytKOPwPQ=s88-c-k-c0x00ffffff-no-rj     ,               0 ,         2 ,          1 ,@faiz12397                  ,                                                     ,[]                                                                                                                                                                                                                                                                                                                                                                                                                                                                                                                                             ,
UCInxddpDz35uQ6jcoJ8CdiQ ,Sahil Badgal                                                                   ,https://www.youtube.com/channel/UCInxddpDz35uQ6jcoJ8CdiQ ,https://yt3.ggpht.com/gN4xSV446tg922Fb8qLHp55C-rL9SjixfjGty5icnlBoO2SsCJvWZqjF4m6F5c2JWGACVW5O=s88-c-k-c0x00ffffff-no-rj       ,               0 ,        75 ,          1 ,@sahilbadgal8689            ,                                                     ,[]                                                                                                                                                                                                                                                                                                                                                                                                                                                                                                                                             ,
UC4Pd336X-0dgY0dryjWvjNw ,Sonam thakur                                                                   ,https://www.youtube.com/channel/UC4Pd336X-0dgY0dryjWvjNw ,https://yt3.ggpht.com/T15p2fFgK_aLsJUEFMAb3s2yDoAWBV9iKEZacxomd8SMRxP8VW-BIU36cuKr1lIiKeX28jJeCw=s88-c-k-c0x00ffffff-no-rj     ,               3 ,       268 ,          7 ,@purani_yaden.07            ,Facts video üì∑üì∏                                     ,[]                                                                                                                                                                                                                                                                                                                                                                                                                                                                                                                                             ,
UC0YvybkSJ6aVZQ_xdZUhHzg ,Deepak Kumar Gupta kumar Gupta                                                 ,https://www.youtube.com/channel/UC0YvybkSJ6aVZQ_xdZUhHzg ,https://yt3.ggpht.com/ytc/AIdro_mBVNsGOPmaU5A11ntmIeNgKYqCDoujcui9IgUTGH76DIMXsWCfsYP1u5nTgQTXotUAtA=s88-c-k-c0x00ffffff-no-rj ,               0 ,         0 ,          0 ,@deepakkumarguptakumargupta ,                                                     ,[]                                                                                                                                                                                                                                                                                                                                                                                                                                                                                                                                             ,
UCxt0mzSWaNxgw0CmV2oySJw ,Indal Patel                                                                    ,https://www.youtube.com/channel/UCxt0mzSWaNxgw0CmV2oySJw ,https://yt3.ggpht.com/ytc/AIdro_lr0ZRIIeQP7qjHbgDSRCCab4HSRDUzEdwykEWKS2Y=s88-c-k-c0x00ffffff-no-rj                            ,               0 ,         4 ,          3 ,@indalpatel812              ,                                                     ,"[{'playlist_id': 'PLUUeeq04--g4wsT1ZxA2YRlKYi7rF8wdA', 'playlist_title': 'Oooooo', 'playlist_url': 'https://www.youtube.com/playlist?list=PLUUeeq04--g4wsT1ZxA2YRlKYi7rF8wdA'}, {'playlist_id': 'PLUUeeq04--g5RtRBKFMndPpVWjuZxkSC5', 'playlist_title': 'Potiyadih', 'playlist_url': 'https://www.youtube.com/playlist?list=PLUUeeq04--g5RtRBKFMndPpVWjuZxkSC5'}]"                                                                                                                                                                            ,
UCWgvB6XlRPgiwoEbsWT_GMQ ,Sonlal Pasi                                                                    ,https://www.youtube.com/channel/UCWgvB6XlRPgiwoEbsWT_GMQ ,https://yt3.ggpht.com/ytc/AIdro_mzUfcmqeQGd1f7-NSIHbBEZODKXqw-s2soNdDNHUE=s88-c-k-c0x00ffffff-no-rj                            ,               1 ,         0 ,          0 ,@sonlalpasi8601             ,                                                     ,[]                                                                                                                                                                                                                                                                                                                                                                                                                                                                                                                                             ,
UCW62DjFcRf6r0g37EEQfQyw ,Musarrat Perween                                                               ,https://www.youtube.com/channel/UCW62DjFcRf6r0g37EEQfQyw ,https://yt3.ggpht.com/ytc/AIdro_nxuoHZoWghDsvmGEryPvO3toaj7SR_Jba-LC1GHAE=s88-c-k-c0x00ffffff-no-rj                            ,               0 ,         0 ,          0 ,@musarratperween6608        ,                                                     ,[]                                                                                                                                                                                                                                                                                                                                                                                                                                                                                                                                             ,
UCHkG2pbic-1ts7lhQnQ2V3A ,ùìºùì±ùì∏ùîÇùìÆùì´                                                                   ,https://www.youtube.com/channel/UCHkG2pbic-1ts7lhQnQ2V3A ,https://yt3.ggpht.com/ytc/AIdro_m18_OrhRNm8w21sEEKKOvr4xmFA7TIAVd6kNb9M2LtnXT-FQc=s88-c-k-c0x00ffffff-no-rj                    ,               0 ,         3 ,          1 ,@lxgcjgjchzgjgj             ,                                                     ,[]                                                                                                                                                                                                                                                                                                                                                                                                                                                                                                                                             ,
UCXeuwYtN22EZ7Tkk33oYu8Q ,SHARDA DEVI                                                                    ,https://www.youtube.com/channel/UCXeuwYtN22EZ7Tkk33oYu8Q ,https://yt3.ggpht.com/ytc/AIdro_neAWLH7sZOed0nxggmhltv1elkeHlOQumeJrdVd-uJprIR_0tQYDxrh34wywukW1kbeQ=s88-c-k-c0x00ffffff-no-rj ,               0 ,         0 ,          0 ,@user-to2pn8bn6s            ,                                                     ,[]                                                                                                                                                                                                                                                                                                                                                                                                                                                                                                                                             ,
UCFZ8f3MLL3twQZch2HH2PfA ,Sweta Gautam                                                                   ,https://www.youtube.com/channel/UCFZ8f3MLL3twQZch2HH2PfA ,https://yt3.ggpht.com/jbvj8mDvBc3gZ0ln1K9AlVl0msX03zWGWaBunPvQRxp47htetIv2OSfB-B6682x1ZECB-uQVQA=s88-c-k-c0x00ffffff-no-rj     ,               0 ,         0 ,          0 ,@swetagautam-creative       ,                                                     ,[]                                                                                                                                                                                                                                                                                                                                                                                                                                                                                                                                             ,
UCG46O86ZpG4PiDk2dcOJItA ,Amarnath Mishra                                                                ,https://www.youtube.com/channel/UCG46O86ZpG4PiDk2dcOJItA ,https://yt3.ggpht.com/ytc/AIdro_li0yM6cYLIOWjD11MRFrJBTyO1UpGuxl0HXyI_Shaix_AohWC1X6iVYA2plRVEmtsyaw=s88-c-k-c0x00ffffff-no-rj ,               0 ,         0 ,          0 ,@amarnathmishra5789         ,                                                     ,[]                                                                                                                                                                                                                                                                                                                                                                                                                                                                                                                                             ,
UCZw3Y6N7T2KHs0-KImJ2p9A ,Dilip Verma                                                                    ,https://www.youtube.com/channel/UCZw3Y6N7T2KHs0-KImJ2p9A ,https://yt3.ggpht.com/au5LBJOZOa2f-nks_f8XchicBcAPUPHL-b79otX9Vk-HywcIubjD0qAdem7ZttBDcPDbJm-6=s88-c-k-c0x00ffffff-no-rj       ,              14 ,         0 ,          0 ,@supportdk6050              ,                                                     ,[]                                                                                                                                                                                                                                                                                                                                                                                                                                                                                                                                             ,
UCVYi6s4iLch65SF6V815jmA ,Amit mauryanshiüôèüôè                                                            ,https://www.youtube.com/channel/UCVYi6s4iLch65SF6V815jmA ,https://yt3.ggpht.com/FCs3eV9_8Qv_tX1xiL9PBcklJj13Z5qSsfXA5ncxug51FV8NW2C0cKRRbbCtkHI9KGpHT5EfgA=s88-c-k-c0x00ffffff-no-rj     ,               6 ,         0 ,          0 ,@amitmaurya2106             ,"Please subscribe my channelüôèüôèüôè
                                                                                                                                                                                                                                                                                                                                                                            Target-1k"                                           ,[]                                                                                                                                                                                                                                                                                                                                                                                                                                                                                                                                             ,
UCbNlm8IqlQHhJvh8J7ONUsg ,Neha Yadav                                                                     ,https://www.youtube.com/channel/UCbNlm8IqlQHhJvh8J7ONUsg ,https://yt3.ggpht.com/ytc/AIdro_nGeYh4-7xWgW6DckTvLxzkztWhki3wHKZvfiwhyygVMpsmB4doNmyVapsBxqo15mDYCQ=s88-c-k-c0x00ffffff-no-rj ,               0 ,         0 ,          0 ,@nehayadav-mw1iw            ,                                                     ,[]                                                                                                                                                                                                                                                                                                                                                                                                                                                                                                                                             ,
UCTBiOXMT83NblR22EOMKAQA ,Adil Alam                                                                      ,https://www.youtube.com/channel/UCTBiOXMT83NblR22EOMKAQA ,https://yt3.ggpht.com/ytc/AIdro_n2udBzeYBteVO94AOvACDKqyHN4sBTqV2YenVzO3Y2Ic5h7sd9c1UhQi-g7V9kvb_L3A=s88-c-k-c0x00ffffff-no-rj ,               0 ,         0 ,          0 ,@adilalam-vu9tg             ,                                                     ,[]                                                                                                                                                                                                                                                                                                                                                                                                                                                                                                                                             ,
UCVr8L8oqc7nnxV3uBkdiFrQ ,Atif Khan                                                                      ,https://www.youtube.com/channel/UCVr8L8oqc7nnxV3uBkdiFrQ ,https://yt3.ggpht.com/ytc/AIdro_mjrRCm8V3-58hERElPQAF2OwAoyJjoLH77jWbusTMWoA=s88-c-k-c0x00ffffff-no-rj                         ,               5 ,      2030 ,          3 ,@atifkhan-eq2px             ,                                                     ,[]                                                                                                                                                                                                                                                                                                                                                                                                                                                                                                                                             ,
